Designator,Footprint,Quantity,Value,LCSC Part #
"C1, C3, C5, C6",1206,4,22uF,C12891
"C2, C4",1206,2,10uF,C13585
"D1, D2",0603,2,LED,C72041
"FID1, FID2, FID3",fiducial_jlcpcb_smt,3,Fiducial,
"H1, H2, H3, H4",MountingHole_3.2mm_M3_Pad,4,M3,
"H5, H6, H7, H8",SMTSO25,4,SMTSO2530CTJ,C2915631
"J1, J2",BUS_PCI_Express_Mini_Full,2,91304-56-052R2,C404121
J3,PinHeader_2x05_P2.54mm_Vertical_SMD,1,USB,C3294463
"R1, R2",0603,2,3.3k,C22978
"U1, U2",SOT-223-3_TabPin2,2,AZ1117H-3.3,C92517
"U3, U4",SOT-223-3_TabPin2,2,AZ1117H-1.5,C526403
